dogs,356,240,0,0.00
climate change,165,107,0,0.00
cats,140,112,0,0.00
hello,104,81,0,0.00
weaving,81,55,0,0.00
genealogy,48,37,0,0.00
eames,38,33,0,0.00
moon,37,27,0,0.00
quilts,37,24,0,0.00
mother jones,36,27,0,0.00
Field - subject,34,19,0,0.00
bourdon genealogy,30,25,0,0.00
toast,24,22,0,0.00
genetic genealogy,21,18,0,0.00
"""symphony washington""",20,15,0,0.00
Field - journal title,20,7,0,0.00
new york times,20,17,0,0.00
intercollegiate review,18,13,0,0.00
new york post,18,9,0,0.00
mademoiselle,17,14,0,0.00
Mother Jones,17,15,0,0.00
purse,16,8,0,0.00
Turn people into gold,16,11,0,0.00
american journal of physical anthropology,15,12,0,0.00
cheesemaking,15,11,0,0.00
new yorker,15,14,0,0.00
the hatch,15,9,0,0.00
theodore rex,15,12,0,0.00
village voice,15,11,0,0.00
vogue,15,12,0,0.00
Arts Magazine,14,9,0,0.00
glimmer train,14,11,0,0.00
hats,14,13,0,0.00
journal of morphology,14,10,0,0.00
"Women in ancient India, from 320 A.D. to c. 1200 A.D.",14,14,0,0.00
war,13,10,0,0.00
bridge magazine asian,12,9,0,0.00
Climate change,12,6,0,0.00
Käse und Löcher,12,3,0,0.00
baseball,11,9,0,0.00
bhutan,11,10,0,0.00
Bremer Beiträge zur Naturwissenschaft,11,9,0,0.00
human rights education,11,9,0,0.00
mexico,11,11,0,0.00
roquette concordat,11,11,0,0.00
architectural record,10,8,0,0.00
automobile topics,10,7,0,0.00
Brubach die,10,10,0,0.00
Käse für Kenner,10,3,0,0.00
lillian gish papers,10,2,0,0.00
ARTnews,9,6,0,0.00
chapatti,9,4,0,0.00
flowers,9,5,0,0.00
frogs,9,8,0,0.00
music magazine,9,5,0,0.00
new york,9,8,0,0.00
Nova de Veteribus,9,9,0,0.00
nyc,9,4,0,0.00
shakespeare,9,8,0,0.00
Theodore Rex,9,7,0,0.00
Times-Picayune,9,3,0,0.00
brooklyn,8,8,0,0.00
cadence,8,5,0,0.00
country life,8,5,0,0.00
dog,8,7,0,0.00
focus joint center for political science,8,2,0,0.00
fortune,8,6,0,0.00
Gershwin Jablonski,8,3,0,0.00
ice,8,5,0,0.00
journal of human evolution,8,7,0,0.00
lace,8,8,0,0.00
motor world,8,6,0,0.00
motoring and boating,8,3,0,0.00
precious stones of the jews of curacao,8,6,0,0.00
queens,8,5,0,0.00
russia,8,8,0,0.00
"Sayf, Ṭalāl author. سيف، طلال.",8,5,0,0.00
societa,8,2,0,0.00
washington,8,5,0,0.00
Acorn tv,7,7,0,0.00
Armenian manuscript Spencer,7,1,0,0.00
Art & Antiques,7,3,0,0.00
atlas of diagnostic oncology,7,6,0,0.00
bbc music,7,2,0,0.00
cat,7,7,0,0.00
colle system,7,6,0,0.00
dante,7,7,0,0.00
Das Bild der Kleopatra in der griechischen und lateinischen Literatur,7,7,0,0.00
economic journal,7,3,0,0.00
farm,7,7,0,0.00
follow your lucky stars,7,7,0,0.00
food,7,6,0,0.00
Furniture history,7,3,0,0.00
"henderson, mary",7,3,0,0.00
irish stereotypes in vaudeville,7,2,0,0.00
jazz,7,7,0,0.00
jewish charities,7,2,0,0.00
Käse Lexikon,7,4,0,0.00
llamas,7,5,0,0.00
marriage across the color line,7,7,0,0.00
opera news,7,6,0,0.00
pederzani bovara,7,6,0,0.00
selected writings of hiram,7,7,0,0.00
Washington,7,6,0,0.00
0028-8969,6,3,0,0.00
A Botanist's visit,6,6,0,0.00
america first committee,6,1,0,0.00
An Emmons genealogy,6,2,0,0.00
archis,6,3,0,0.00
architektur aktuell,6,4,0,0.00
Art in America,6,5,0,0.00
art now,6,5,0,0.00
artnews,6,5,0,0.00
arts magazine,6,5,0,0.00
Dissent,6,3,0,0.00
duchamp,6,4,0,0.00
Fortune,6,5,0,0.00
furniture history,6,5,0,0.00
Gershwin Remembered Jablonski,6,2,0,0.00
gramophone,6,5,0,0.00
hoopla,6,6,0,0.00
john cage,6,5,0,0.00
leflon pie vii,6,4,0,0.00
Malcolm x,6,4,0,0.00
"MFLA (Scientific Film Association, London. List of film distributors)",6,1,0,0.00
motor,6,3,0,0.00
MOTOR BOATING,6,5,0,0.00
music,6,6,0,0.00
natural history,6,3,0,0.00
Neolithic,6,1,0,0.00
new york daily news,6,4,0,0.00
opera,6,4,0,0.00
opera now,6,5,0,0.00
photography,6,5,0,0.00
popov chamber symphony,6,2,0,0.00
president,6,2,0,0.00
rah ab namah,6,6,0,0.00
rituals in ink,6,5,0,0.00
sailor moon,6,6,0,0.00
"sayf, ṭalāl author. سيف، طلال.",6,2,0,0.00
taiwan,6,4,0,0.00
test,6,5,0,0.00
The Economic Journal,6,4,0,0.00
vanity fair,6,3,0,0.00
water,6,5,0,0.00
Who's Afraid of Virginia Woolf?,6,5,0,0.00
"""music magazine"" toronto",5,5,0,0.00
33433063669166,5,3,0,0.00
A Botanist's Visit,5,5,0,0.00
adrian piper,5,3,0,0.00
antiquitas,5,4,0,0.00
ArtNews,5,3,0,0.00
bacquart,5,3,0,0.00
Bild Kleopatra,5,5,0,0.00
bona amicizie,5,5,0,0.00
books,5,4,0,0.00
cell,5,2,0,0.00
Československý hudební slovník osob,5,2,0,0.00
Charles Blackman,5,2,0,0.00
cheese,5,5,0,0.00
diapason,5,4,0,0.00
Dutch Nobility,5,2,0,0.00
Elisha Kent Kane,5,5,0,0.00
eliza lynch,5,3,0,0.00
Embroidered Identities: Ornately Decorated Textiles and Accessories of Chinese Ethnic Minorities,5,2,0,0.00
farms,5,4,0,0.00
flying,5,3,0,0.00
gambia,5,4,0,0.00
gastronomica,5,5,0,0.00
grani,5,3,0,0.00
HANDBUCH ZUR GESCHICHTE DES NOTARIATS DER EUROPÄISCHEN,5,5,0,0.00
harlem,5,5,0,0.00
hegel,5,4,0,0.00
"Holding the Line: Race, Racism, and American Foreign Policy toward Africa, 1953–1961",5,1,0,0.00
Interiors,5,3,0,0.00
jewish,5,4,0,0.00
journal of applied physiology,5,3,0,0.00
juneteenth,5,4,0,0.00
Käsebuch,5,3,0,0.00
la practica della cambiatura,5,5,0,0.00
"lebeau, marc",5,2,0,0.00
leukemia research,5,1,0,0.00
literatura,5,2,0,0.00
lizards,5,5,0,0.00
Mademoiselle,5,5,0,0.00
maps,5,3,0,0.00
marcel prawy gluck,5,5,0,0.00
mark twain,5,5,0,0.00
Medioevo: immagini e ideologie,5,5,0,0.00
new york observer,5,4,0,0.00
New York Times,5,3,0,0.00
Nouveau-riche nationalism and multiculturalism in Korea : a media narrative analysis,5,1,0,0.00
olympic japan,5,3,0,0.00
orpheus,5,4,0,0.00
Plaisir de France,5,4,0,0.00
playboy,5,3,0,0.00
"rainer, yvonne",5,3,0,0.00
ReCAP 12-29922,5,2,0,0.00
Roseline tina johnson us army Lagos nigeria,5,1,0,0.00
seaweed,5,5,0,0.00
seventeen,5,2,0,0.00
sibley ahlquist,5,3,0,0.00
staten island advance,5,4,0,0.00
the automobile,5,4,0,0.00
time magazine,5,3,0,0.00
trout,5,4,0,0.00
Utopia for realists,5,1,0,0.00
voice of chorus america,5,3,0,0.00
yearbook of physical anthropology,5,3,0,0.00
"""bibliographic instruction""",4,3,0,0.00
"""bond guide""",4,2,0,0.00
"""lionel belasco""",4,3,0,0.00
"""manhattan in maps""",4,1,0,0.00
"""san francisco chronicle""",4,3,0,0.00
"""words and music"" dickinson",4,4,0,0.00
*ZP,4,2,0,0.00
0027-8378,4,1,0,0.00
00288969,4,2,0,0.00
9781474217798,4,2,0,0.00
A botanist's visit,4,4,0,0.00
A Botanist's Visit to Oahu,4,4,0,0.00
action learning,4,2,0,0.00
Africa Insurance,4,1,0,0.00
Africa unite!,4,1,0,0.00
Allegorica,4,3,0,0.00
american architect,4,4,0,0.00
American Journal of Physical anthropology,4,1,0,0.00
andrew carnegie,4,1,0,0.00
anglo-norman studies,4,3,0,0.00
anni albers,4,4,0,0.00
apollo,4,4,0,0.00
apples,4,4,0,0.00
Archaeometry,4,4,0,0.00
architectural review,4,4,0,0.00
architecture,4,4,0,0.00
Art International,4,3,0,0.00
Art World,4,4,0,0.00
Artnews,4,2,0,0.00
Atelier 5,4,3,0,0.00
automobile,4,2,0,0.00
AUTOMOBILE MAGAZINE,4,3,0,0.00
ban non wat,4,2,0,0.00
baradiin,4,3,0,0.00
Benzoni napoleone,4,3,0,0.00
Benzoni san napoleone,4,4,0,0.00
Bert davila,4,1,0,0.00
BL 1112.27.G485 2013,4,3,0,0.00
blut,4,2,0,0.00
bogus title,4,1,0,0.00
Book as artwork 1960/1972,4,2,0,0.00
"bryce, trevor",4,2,0,0.00
budhi,4,4,0,0.00
Building Design,4,2,0,0.00
"caecilia, tosca",4,4,0,0.00
carnival,4,4,0,0.00
climate,4,4,0,0.00
Climate Change,4,3,0,0.00
coda magazine,4,3,0,0.00
cosmopolitan,4,3,0,0.00
cyrillomethodianum,4,3,0,0.00
daily news,4,4,0,0.00
dance,4,4,0,0.00
dance magazine,4,3,0,0.00
Decker,4,1,0,0.00
description of san marco,4,3,0,0.00
diapason harmonie,4,4,0,0.00
Dictionary of American Biography,4,3,0,0.00
Die Kaiserinnen Roms von Livia bis Theodora,4,4,0,0.00
Documenti e Studi Sulla Tradizone Filosofica Medievale,4,3,0,0.00
Dutkanicz,4,2,0,0.00
European Tributary States of the Ottoman Empire in the Sixteenth and Seventeenth Centuries,4,4,0,0.00
experimental cell research,4,3,0,0.00
farnham farnum families in america,4,4,0,0.00
ficino to campanella,4,3,0,0.00
fossils,4,3,0,0.00
Four Mongolian historical records,4,4,0,0.00
gershwin ewen,4,3,0,0.00
Gershwin Kendall,4,3,0,0.00
"Goya bis Picasso: Meisterwerke der Sammlung Jan Krugier und Marie-Anne Krugier-Poniatowski, 2005",4,3,0,0.00
guckler,4,4,0,0.00
Hair,4,3,0,0.00
hello world,4,4,0,0.00
Herrscherinnen und Nonnen,4,3,0,0.00
historia da musica brasileira,4,3,0,0.00
History of the Communist Party of Yugoslavia,4,4,0,0.00
Il secolo di ferro. Mito e realtà del secolo X,4,4,0,0.00
J 591.56 D,4,4,0,0.00
James Muldoon & Felipe Fernandez-Armesto,4,2,0,0.00
jazz hot,4,3,0,0.00
jazz journal international,4,4,0,0.00
journal of academic librarianship,4,3,0,0.00
Journal of home economics,4,4,0,0.00
journal of pathology,4,3,0,0.00
journal of the american,4,4,0,0.00
kierkegaard,4,4,0,0.00
knights of the fourth estate,4,4,0,0.00
Kobieta niepoznana na przestrzeni dziejów,4,4,0,0.00
"L’Égypte d’un architecte, Ambroise Baudry",4,1,0,0.00
Latviešu grāmata ārzemēs : 1920-1940,4,3,0,0.00
Leaving a doll's house : a memoir,4,3,0,0.00
Lyrl Clark Van Hyning,4,2,0,0.00
marriage across the color,4,4,0,0.00
marxism in the age of trump,4,2,0,0.00
maybe you should talk to someone,4,4,0,0.00
Mayröcker,4,3,0,0.00
Meisō chizu,4,2,0,0.00
merce cunningham,4,4,0,0.00
Miamachi painting,4,1,0,0.00
Mikhail Baryshnikov archive. Moving image materials.,4,2,0,0.00
minke prelat,4,4,0,0.00
modern genre theory,4,4,0,0.00
Monkey Puzzle Man,4,4,0,0.00
montana state architecture review,4,4,0,0.00
moriches,4,4,0,0.00
motor boating,4,4,0,0.00
musikerziehung,4,4,0,0.00
My brilliant friend,4,1,0,0.00
N'digoa,4,1,0,0.00
Natasha Richardson,4,1,0,0.00
Nelson riddle,4,1,0,0.00
neruda,4,1,0,0.00
new england descendants of the immigrant ralph farnum,4,3,0,0.00
new york review of books,4,4,0,0.00
New York Review of Books,4,3,0,0.00
newsweek,4,3,0,0.00
novyi zhurnal,4,2,0,0.00
NYPG89-S5779,4,1,0,0.00
O Filme curto,4,1,0,0.00
o'connor collected works,4,2,0,0.00
odessa,4,2,0,0.00
ole benedictow,4,3,0,0.00
"organ ""musical opinion""",4,4,0,0.00
Painters and public life in eighteenth-century Paris,4,1,0,0.00
Paola Peretti,4,1,0,0.00
parlaghy,4,3,0,0.00
paul cornoyer,4,1,0,0.00
pearson's magazine,4,4,0,0.00
performing arts in canada,4,4,0,0.00
Philp k dick,4,1,0,0.00
Plays and playwrights 2003,4,1,0,0.00
potter,4,4,0,0.00
practica della cambiatura,4,4,0,0.00
"Price, J. L.",4,1,0,0.00
Proceedings of the Boston Area Colloquium in Ancient Philosophy,4,4,0,0.00
reinerman Austria papacy,4,3,0,0.00
Richard burton,4,1,0,0.00
Rivista Italiana di Numismatica e Scienze Affini,4,4,0,0.00
"Roman Female Praenomina: Studies in the Nomenclature of Roman Women",4,1,0,0.00
San Francisco Chronicle,4,4,0,0.00
science,4,4,0,0.00
serena,4,2,0,0.00
Société d’Histoire et d’Archéologie de Genève,4,2,0,0.00
Southern Committee to Uphold the Constitution,4,2,0,0.00
Spectrochimica Acta,4,2,0,0.00
steven holl,4,2,0,0.00
sutton family,4,4,0,0.00
Technics and Civilization,4,3,0,0.00
the atlantic,4,4,0,0.00
The invention of Africa,4,2,0,0.00
the letters of margaret fuller,4,2,0,0.00
the rudder,4,3,0,0.00
"The Texts From the Judaean Desert, Indices and an Introduction to the Discoveries in the Judaean Desert Series",4,3,0,0.00
The wife between us,4,2,0,0.00
Theatre Arts Monthly,4,3,0,0.00
timothy leary,4,4,0,0.00
Tisa Chang,4,2,0,0.00
toni morrison,4,4,0,0.00
United States telephone directories,4,4,0,0.00
Universitas,4,2,0,0.00
wakanda,4,1,0,0.00
wheater's functional histology,4,4,0,0.00
yad vashem studies,4,4,0,0.00
"'Niki de Saint Phalle: Ici, tout est possible",3,2,0,0.00
"""american symphony orchestra league"" newsletter",3,3,0,0.00
"""Conversations with James Baldwin""",3,2,0,0.00
"""Grossman, Sid""",3,1,0,0.00
"""life with the aborigines""",3,1,0,0.00
"""peck & Peck""",3,1,0,0.00
"""sam manning""",3,3,0,0.00
"""Science and film.""",3,1,0,0.00
"""stock guide""",3,1,0,0.00
"""the organ"" ""musical opinion""",3,3,0,0.00
"""urban academic librarian""",3,2,0,0.00
*ZY,3,1,0,0.00
0024-6336,3,1,0,0.00
00478318,3,1,0,0.00
0500238278,3,2,0,0.00
"10,000 vital records of central New York, 1813-1850 / Fred Q. Bowman.",3,1,0,0.00
14117602,3,1,0,0.00
1650,3,1,0,0.00
20th century music,3,2,0,0.00
398.2,3,1,0,0.00
44079212,3,1,0,0.00
50015461,3,1,0,0.00
9789597178248,3,2,0,0.00
9789653085879,3,1,0,0.00
A History of the School for International Affairs,3,2,0,0.00
A vindication of the rights of woman,3,1,0,0.00
acs chemical biology,3,3,0,0.00
adanna,3,2,0,0.00
adrain rollini vibraharp method,3,1,0,0.00
aeronautical digest,3,2,0,0.00
African book publishing record.,3,2,0,0.00
"Agnes Martin : paintings and drawings = schilderijen en tekeningen = peintures et dessins = Gemälde und Zeichnungen, 1974-1990",3,2,0,0.00
agnes waters,3,2,0,0.00
alejandra pizarnik,3,2,0,0.00
alice childress,3,2,0,0.00
Alison's zinnia,3,2,0,0.00
altbabylonisthe briese,3,1,0,0.00
american genealogist,3,2,0,0.00
american harp journal,3,2,0,0.00
american jewish history,3,2,0,0.00
american organist,3,2,0,0.00
american record guide,3,3,0,0.00
american woman,3,3,0,0.00
Annales Francais Etranger,3,2,0,0.00
Annali dell’Istituto Italiano per gli Studi Storici XVI,3,1,0,0.00
Annegret Hoberg,3,1,0,0.00
"Annual of architecture, structure & townplanning",3,1,0,0.00
"Annual of architecture, structure & townplanning.",3,1,0,0.00
Archibald Strath Maxwell,3,2,0,0.00
Architecture with and without Le Corbusier,3,3,0,0.00
archives,3,3,0,0.00
Archivium Franciscanum Historicum,3,2,0,0.00
arkady,3,1,0,0.00
Arkitektur,3,3,0,0.00
ARQ,3,1,0,0.00
art & antiques,3,2,0,0.00
art front,3,1,0,0.00
art in america,3,3,0,0.00
art news,3,3,0,0.00
"Arte, historia e identidad en América",3,2,0,0.00
Arthur dihm,3,2,0,0.00
artsink,3,3,0,0.00
Arulmalarmaali Sulamangalamsisters,3,1,0,0.00
asfsdfdslj,3,3,0,0.00
atiqot,3,2,0,0.00
Australian assimilation,3,1,0,0.00
ayako uchiyama choreographer,3,1,0,0.00
B.K. KARKRA,3,2,0,0.00
Bad blood,3,1,0,0.00
Banque et Crédit en Italie au XVIIe siècle,3,3,0,0.00
Baseball,3,3,0,0.00
bauhaus,3,2,0,0.00
beatrix,3,1,0,0.00
Belkis Ayón,3,3,0,0.00
benedict anderson,3,1,0,0.00
berehy zemli,3,3,0,0.00
biber,3,1,0,0.00
Bienalle,3,1,0,0.00
bobbin lace,3,2,0,0.00
book,3,2,0,0.00
Book of leyburn,3,1,0,0.00
boston globe,3,3,0,0.00
Botanical Journal of the Linnean Society,3,3,0,0.00
bourdon,3,3,0,0.00
Bozner Messen und ihr Zahlungsverkehr,3,2,0,0.00
Brain a journal of neurology,3,1,0,0.00
british journal of dermatology,3,2,0,0.00
broadway ballyhoo,3,3,0,0.00
cahiers de la guitare,3,2,0,0.00
cahiers du cinema,3,3,0,0.00
calzascia,3,3,0,0.00
canadian jewish news,3,3,0,0.00
car,3,2,0,0.00
caribbean jazz,3,3,0,0.00
"Carlene Stephens, On Time: How America Has learned to live by the clock",3,1,0,0.00
Carnival Canboulay Calypso,3,2,0,0.00
carulli,3,3,0,0.00
Cattaneo occhi maria,3,3,0,0.00
censuras pistoya,3,1,0,0.00
charities jewish,3,2,0,0.00
chemistry,3,2,0,0.00
chicago,3,1,0,0.00
Chicago,3,3,0,0.00
chicago wfmt,3,2,0,0.00
chinese snacks,3,2,0,0.00
Chronika tou Pontou,3,3,0,0.00
chronique huygens,3,2,0,0.00
civil rights,3,3,0,0.00
civil war,3,3,0,0.00
classical guitar,3,2,0,0.00
claude kress,3,2,0,0.00
claude mckay,3,2,0,0.00
"Claudii Claudiani (Claudiano), Carmina Minora, introduzione, traduzione e commento a cura di Maria Luisa Ricci, presentazione di Luigi Piacente, Edipuglia, Bari 2001",3,1,0,0.00
Clavicordio,3,3,0,0.00
clavier,3,3,0,0.00
climate changae,3,2,0,0.00
cognition,3,1,0,0.00
Cognitioni Gestorum,3,3,0,0.00
College & pro football newsweekly,3,1,0,0.00
collier's,3,3,0,0.00
Consumer Report Home printers,3,1,0,0.00
Contact or isolation,3,1,0,0.00
"Cowan, History of the Russian Institute",3,2,0,0.00
critical inquiry,3,1,0,0.00
Cuando el feminismo era mala palabra,3,2,0,0.00
cuban cinema companion,3,3,0,0.00
current opinion in genetics,3,1,0,0.00
cy twombly catalogue raisonne of drawings,3,1,0,0.00
danas,3,3,0,0.00
Daniel Nettle,3,1,0,0.00
David Hall,3,1,0,0.00
dawn of technicolor,3,3,0,0.00
"Dee, John, 1527-1608.",3,1,0,0.00
Dictionnaire universel de l'art des artistes,3,1,0,0.00
Differences in the intellectual and social functioning between children born to Black adolescent and older mothers.,3,3,0,0.00
Dime Adventure Magazine,3,1,0,0.00
Dion dimucci,3,1,0,0.00
Dirk Schumann,3,1,0,0.00
Dits et écrits,3,1,0,0.00
divagations,3,1,0,0.00
"DIVERSITY, INCLUSION, AND REPRESENTATION IN CONTEMPORARY DRAMATURGY",3,2,0,0.00
Docendo Discimus.,3,3,0,0.00
Documents on British policy overseas. Series II,3,1,0,0.00
Dogs,3,3,0,0.00
dogs dogs dogs,3,2,0,0.00
domus,3,2,0,0.00
Domus,3,3,0,0.00
Dorset natural history and archaeological society,3,1,0,0.00
double reed,3,3,0,0.00
Early Christian Poetry: A Collection of Essays,3,3,0,0.00
economic dictionary plants,3,2,0,0.00
"Eileen Gray (1878-1976) : de Jean Désert à Tempe a Pailla = from Jean Désert to Tempe a Pailla / conception et rédaction des textes, Jacque de Vos.",3,2,0,0.00
el diario la prensa,3,3,0,0.00
eleanor roosevelt,3,1,0,0.00
Electronic Gaming Monthly,3,2,0,0.00
Eslick,3,2,0,0.00
estetica del nichilismo,3,2,0,0.00
estetica del nichilismo e altri saggi,3,2,0,0.00
Estudios sobre Lope de Vega,3,2,0,0.00
Eugene M. Schwartz,3,1,0,0.00
Evicted,3,2,0,0.00
factores geograficos de la cubanidad,3,2,0,0.00
factories geograficos de la cubanidad,3,1,0,0.00
fanfare,3,3,0,0.00
Festskrift til Jørgen Sømod,3,2,0,0.00
Feynman,3,1,0,0.00
"Fictitious beasts, a bibliography",3,2,0,0.00
first black president in America,3,1,0,0.00
fishkill,3,2,0,0.00
flute talk,3,3,0,0.00
fortune magazine,3,3,0,0.00
Francis Aïqui,3,1,0,0.00
frank loesser,3,1,0,0.00
frankfurter allgemeine,3,2,0,0.00
Franklin f. hopper,3,1,0,0.00
fred ebb,3,3,0,0.00
frets,3,3,0,0.00
"fry, edward",3,1,0,0.00
Gaceta Numismática,3,3,0,0.00
Galloping Conductors,3,1,0,0.00
Genetic Resources and Crop Evolution,3,2,0,0.00
George Gershwin his journey to greatness ewen,3,2,0,0.00
George Gershwin merle armitage,3,3,0,0.00
germany,3,2,0,0.00
Gershwin his journey to greatness david ewen,3,2,0,0.00
glimmer train stories,3,1,0,0.00
glutahione revolution,3,1,0,0.00
gmat,3,2,0,0.00
Gotham history of new york,3,1,0,0.00
Göttinger Miszellen,3,3,0,0.00
gottschalk,3,1,0,0.00
"grandin, greg",3,2,0,0.00
graphis,3,2,0,0.00
grau contre sainte-beuve,3,2,0,0.00
greaves,3,3,0,0.00
grids grids grids,3,2,0,0.00
Group family Fernando botero 1984,3,1,0,0.00
Group Processes,3,1,0,0.00
"Guillaud, Jacqueline. Giotto. New York : C.N. Potter",3,1,0,0.00
Gunther Anders,3,2,0,0.00
Handbook of Welfare in China,3,1,0,0.00
Harlem,3,3,0,0.00
Harold Pinter,3,2,0,0.00
Haroonuzzaman,3,1,0,0.00
harper's,3,2,0,0.00
hatch,3,3,0,0.00
Helena Petrovna Blavatsky,3,1,0,0.00
Herman Hertzberger : recent works,3,2,0,0.00
heroism and global politics,3,1,0,0.00
heschel abrahama,3,1,0,0.00
Hesperia,3,2,0,0.00
Hesperia 57 (1988),3,1,0,0.00
Heterosyncracies,3,1,0,0.00
high fidelity and musical america,3,3,0,0.00
high times,3,3,0,0.00
hip hop around the world,3,2,0,0.00
Historia de familias cubanas,3,1,0,0.00
Hoover ili Smith,3,1,0,0.00
horn book magazine,3,2,0,0.00
hospital sketches,3,3,0,0.00
human and ecological risk assessment,3,1,0,0.00
Hungarian women's activism in the wake of the First World War,3,3,0,0.00
Hush,3,1,0,0.00
IBIS,3,3,0,0.00
Iconography of manhattan island,3,3,0,0.00
Ida Augusta Pratt,3,1,0,0.00
il bienno rosso,3,1,0,0.00
In the heights,3,1,0,0.00
irish immigration,3,1,0,0.00
island of a thousand mirrors,3,1,0,0.00
isole eolie,3,1,0,0.00
israel under netanyahu,3,3,0,0.00
J. Gallet,3,1,0,0.00
JAY M-964,3,2,0,0.00
jelly's last jam,3,2,0,0.00
jmm 92-6,3,1,0,0.00
"Johann Sebastian Bach : life and work / Martin Geck translated from the German by John Hargraves.;""Bach. English""",3,1,0,0.00
John Stone,3,1,0,0.00
Jones Beach State Park (N.Y.),3,3,0,0.00
joni,3,1,0,0.00
"José Gobello, Marcelo Héctor Oliveri.",3,1,0,0.00
journal,3,3,0,0.00
journal of african cultural studies,3,3,0,0.00
journal of america,3,3,0,0.00
journal of black,3,2,0,0.00
Journal of Economic and business History,3,2,0,0.00
Journal of Neural Transmission,3,1,0,0.00
Kamtigidi,3,1,0,0.00
kandinsky,3,2,0,0.00
Kennedy Chappaquiddick,3,1,0,0.00
kimshonim,3,3,0,0.00
"kleinberg, howard",3,3,0,0.00
Klytus Smith,3,1,0,0.00
Konsthistorisk tidskrift,3,2,0,0.00
kunst und politik,3,2,0,0.00
kupperman indians and english facing off,3,3,0,0.00
La terrasse du temple,3,2,0,0.00
La XIIIe Dynastie: Histoire de la fin du Moyen Empire égyptien,3,3,0,0.00
Land Dispossession and Rural Politics in Eastern India,3,2,0,0.00
latreille catechisme,3,3,0,0.00
Le pélerinage Chiite et l'hygiène,3,2,0,0.00
leaving a dolls house,3,3,0,0.00
Lee Krasner A Catalogue Raisonné,3,1,0,0.00
"Leflon, Etienne- Alexandre Bernier, évêque d'Orléans, et l'application du Concordat,",3,1,0,0.00
Lenguas aplicadas a las ciencias y la tecnologia,3,2,0,0.00
"levi-strauss, claude",3,1,0,0.00
Lexicon Topographicum Urbis Romae,3,2,0,0.00
licorne,3,2,0,0.00
life,3,3,0,0.00
List of film distributors,3,1,0,0.00
"Literatura (Warszawa, Poland)",3,1,0,0.00
little merchants 1808,3,2,0,0.00
lou reed,3,3,0,0.00
Lynching,3,1,0,0.00
Madhav Gadgil,3,3,0,0.00
Magazine of Art,3,3,0,0.00
magic tree house,3,1,0,0.00
maltezou,3,3,0,0.00
Manuscripta,3,3,0,0.00
Manushag Powell,3,2,0,0.00
map,3,3,0,0.00
Marilyn manson,3,1,0,0.00
maximum rock'n'roll,3,1,0,0.00
Maybe you should talk to someone,3,3,0,0.00
MCX C.R.,3,1,0,0.00
medicine,3,1,0,0.00
Mediterraneo Genovese. Storia e Architettura.,3,2,0,0.00
metal worker,3,2,0,0.00
mexico city,3,1,0,0.00
mgyb,3,2,0,0.00
miro weelan,3,1,0,0.00
Missler,3,1,0,0.00
modes and manners,3,2,0,0.00
monograms beautify linens,3,1,0,0.00
monsalvat,3,1,0,0.00
mother's crusade,3,2,0,0.00
motor age,3,2,0,0.00
MOVEMENT DIRECTORS IN CONTEMPORARY THEATRE,3,1,0,0.00
Mozart concert k 246,3,1,0,0.00
Mozart piano concerto k246,3,1,0,0.00
"mulvey, laura",3,2,0,0.00
Muntadher saleh,3,2,0,0.00
Music News,3,3,0,0.00
my wealth has come,3,1,0,0.00
N'digo,3,3,0,0.00
national legion of mothers,3,2,0,0.00
"Necessity and challenges to the trial of crimes against humanity, genocide & war crimes of 1971 in Bangladesh",3,2,0,0.00
new york native,3,3,0,0.00
new york police department special orders,3,2,0,0.00
New York Post,3,3,0,0.00
New York Post Magazine,3,1,0,0.00
New York State Temporary State Commission on the Water Supply Needs of Southeastern New York,3,3,0,0.00
New Yorker,3,2,0,0.00
Nicanor Parra,3,1,0,0.00
norman lewis,3,3,0,0.00
nouvel observateur,3,2,0,0.00
Nova de veteribus,3,3,0,0.00
nuhi veselaj,3,2,0,0.00
Numismatische Zeitschrift,3,3,0,0.00
Numizmatikai közlöny,3,3,0,0.00
ny times,3,3,0,0.00
NYGB AZ+ Loc 09-677,3,1,0,0.00
nyp1266080,3,1,0,0.00
Nypl,3,1,0,0.00
olavide l'afrancesado,3,1,0,0.00
olympic athletes and drug use,3,1,0,0.00
Omega Psi Phi Fraternity & the Men Who Made Its History a Concise History,3,2,0,0.00
On intersectionality : essential writings,3,3,0,0.00
On Writing,3,2,0,0.00
opera actual,3,3,0,0.00
opera quarterly,3,2,0,0.00
opianie korei,3,1,0,0.00
Oracles et prophéties dans l'antiquité,3,3,0,0.00
organ,3,2,0,0.00
osterreichische gesellschaft fur musik,3,3,0,0.00
ottoman empire,3,2,0,0.00
Ottoman empire,3,1,0,0.00
"Pacheco, José Emilio",3,1,0,0.00
Padura,3,3,0,0.00
paganini,3,1,0,0.00
paraguay,3,3,0,0.00
parametro,3,2,0,0.00
paul ganz holbein,3,1,0,0.00
Philosophy of Technology The Technological Condition,3,1,0,0.00
piano,3,3,0,0.00
PM newspaper,3,1,0,0.00
"Política, iglesia y partidos en Colombia, 1886-1953",3,3,0,0.00
Political Studies,3,2,0,0.00
"Popular Autocracy in Greece, 1936-1941",3,1,0,0.00
popular photography,3,2,0,0.00
populism,3,3,0,0.00
pranchere maistre,3,2,0,0.00
"Protestant Nationalist In Ireland 1900-1923, Conor Morrissey",3,1,0,0.00
Psicopatología,3,3,0,0.00
psychology today,3,2,0,0.00
quilt,3,2,0,0.00
qur'an,3,1,0,0.00
Rachael Scarborough King,3,2,0,0.00
Ralph J. Bunche: Selected Speeches and Writings,3,2,0,0.00
Readings in the Philosophy of Law,3,3,0,0.00
reboul chateaubriand,3,3,0,0.00
recursion,3,2,0,0.00
reflets du monde,3,1,0,0.00
repertorio internacional de especialistas en la africania,3,1,0,0.00
"Representación, construcción e interpretación de la imagen visual de las mujeres",3,3,0,0.00
resonancias,3,2,0,0.00
revolution,3,3,0,0.00
rick steve’s amsterdam,3,2,0,0.00
robert storr,3,1,0,0.00
Roland Reiss,3,2,0,0.00
rolling stone,3,3,0,0.00
rollingstone,3,1,0,0.00
romare bearden,3,1,0,0.00
roquet concordat,3,3,0,0.00
rosa de dos aromas,3,2,0,0.00
Rosa parks rebellious,3,1,0,0.00
Roses,3,3,0,0.00
Rot-Weis-Rot in der Arktis,3,2,0,0.00
roveri santa sede rivoluzione,3,2,0,0.00
running cedar,3,1,0,0.00
russian journal of ecology,3,2,0,0.00
"Ryōzō, Mori Ōgai",3,2,0,0.00
san francisco chronicle,3,3,0,0.00
Sanatan Mukherjee,3,2,0,0.00
sand county,3,3,0,0.00
sand county aldo leopold,3,3,0,0.00
sand county almanac,3,3,0,0.00
Schizophrenia Research,3,2,0,0.00
"schomburg, arthur a. Untitled typescript. [Proposal for a history of African American cooking.]",3,1,0,0.00
Science and film.,3,1,0,0.00
screenwriter's bible,3,3,0,0.00
Sefaradim be-erets Lita,3,3,0,0.00
Selected writings of Hiram,3,3,0,0.00
Selected Writings of Hiram,3,3,0,0.00
Selected Writings of Hiram Bingham,3,3,0,0.00
shakespeare survey,3,3,0,0.00
SIDIC Review,3,2,0,0.00
silva Stratégie des,3,3,0,0.00
Six score,3,1,0,0.00
sleeping with the enemy,3,1,0,0.00
Society of Automotive Engineers,3,1,0,0.00
Sovereignty and possession in the English new world,3,3,0,0.00
Stadtrömische Marmorurnen,3,3,0,0.00
Stanley kubrick,3,1,0,0.00
stephen haweis,3,3,0,0.00
strehlow songs australia,3,1,0,0.00
strings,3,3,0,0.00
stromatolite,3,3,0,0.00
"Stuckenschmidt, Twentieth Century Music",3,2,0,0.00
Studi economico-giuridici,3,3,0,0.00
studi umanistici piceni,3,3,0,0.00
Studia phenomenologicia,3,2,0,0.00
such a fun age,3,2,0,0.00
suffrage,3,3,0,0.00
symphony washington,3,2,0,0.00
synagogues poland,3,3,0,0.00
"Taylor, Paul Michael, 1953-",3,1,0,0.00
Teachers manual and classroom guide,3,1,0,0.00
technologies of religion,3,2,0,0.00
Tempo di letteratura,3,1,0,0.00
test your positional,3,1,0,0.00
the,3,3,0,0.00
The,3,2,0,0.00
The American Slavic and East European Review,3,3,0,0.00
the day-book,3,1,0,0.00
The divining-rod; an experimental and psychological investigation,3,1,0,0.00
the ignorant schoolmaster,3,1,0,0.00
the mexican spy cpmpany,3,1,0,0.00
the music of gershwin,3,2,0,0.00
the new york journal of commerce,3,2,0,0.00
The New Yorker,3,3,0,0.00
the oblivion seekers,3,2,0,0.00
the peony pavillion,3,1,0,0.00
The Qurʼān : a new annotated translation,3,3,0,0.00
THE RUDDER,3,2,0,0.00
The Washington Afro-American,3,3,0,0.00
the wild robot escapes,3,1,0,0.00
theatre survey,3,2,0,0.00
Then There Were Five,3,1,0,0.00
Theologie und Glaube,3,1,0,0.00
things fall apart,3,3,0,0.00
"think ""international business machines""",3,2,0,0.00
Thomas Heatherwick,3,2,0,0.00
tiffany studios,3,2,0,0.00
time,3,3,0,0.00
times of swaziland,3,3,0,0.00
Times Picayune,3,2,0,0.00
"Tirado, Young Guard!: the Communist Youth League, Petrograd, 1917-1920",3,3,0,0.00
To siberia and Russian america,3,3,0,0.00
Totalite et infini; essai sur l'exteriorite.,3,3,0,0.00
turner society news,3,1,0,0.00
"ulmann, doris",3,2,0,0.00
united states telephone directories,3,2,0,0.00
Value Line Investment Survey,3,1,0,0.00
van gogh,3,2,0,0.00
Vanity Fair,3,3,0,0.00
Variety,3,2,0,0.00
vsesvit,3,3,0,0.00
VTI (smith),3,1,0,0.00
wall street journal,3,3,0,0.00
weavin,3,2,0,0.00
Weaving,3,3,0,0.00
who's wealthy in america,3,2,0,0.00
Willi Münzenberg; A Political Biography,3,3,0,0.00
William Atheron Brooks,3,1,0,0.00
witchcraft,3,3,0,0.00
xavier fourcade,3,1,0,0.00
zensai,3,3,0,0.00
zkb king,3,1,0,0.00
zoology,3,1,0,0.00
